Station Name,Station ID,Station Latitude,Station Longitude
W 52 St & 11 Ave,72,40.76727216,-73.99392888
Franklin St & W Broadway,79,40.71911552,-74.00666661
St James Pl & Pearl St,82,40.71117416,-74.00016545
Atlantic Ave & Fort Greene Pl,83,40.68382604,-73.97632328
Park Ave & St Edwards St,119,40.69608941,-73.97803415
Lexington Ave & Classon Ave,120,40.68676793,-73.95928168
Barrow St & Hudson St,127,40.73172428,-74.00674436
MacDougal St & Prince St,128,40.72710258,-74.00297088
Clinton St & Joralemon St,143,40.69239502,-73.99337909
Nassau St & Navy St,144,40.69839895,-73.98068914
Hudson St & Reade St,146,40.71625008,-74.0091059
E 2 St & Avenue C,150,40.7208736,-73.98085795
Cleveland Pl & Spring St,151,40.72210379,-73.99724901
Warren St & Church St,152,40.71473993,-74.00910627
Henry St & Atlantic Ave,157,40.69089272,-73.99612349
LaGuardia Pl & W 3 St,161,40.72917025,-73.99810231
E 47 St & 2 Ave,164,40.75323098,-73.97032517
E 39 St & 3 Ave,167,40.7489006,-73.97604882
W 18 St & 6 Ave,168,40.73971301,-73.99456405
Broadway & W 49 St,173,40.76068327,-73.98452729
E 25 St & 1 Ave,174,40.7381765,-73.97738662
Liberty St & Broadway,195,40.70905623,-74.01043382
W 16 St & The High Line,212,40.74334935,-74.00681753
Columbia Heights & Cranberry St,216,40.70037867,-73.99548059
Old Fulton St,217,40.70277159,-73.99383605
W 13 St & 7 Ave,223,40.73781509,-73.99994661
E 48 St & 3 Ave,228,40.7546011,-73.97187886
Great Jones St,229,40.72743423,-73.99379025
Cadman Plaza E & Tillary St,232,40.69597683,-73.99014892
St Marks Pl & 2 Ave,236,40.7284186,-73.98713956
E 11 St & 2 Ave,237,40.73047309,-73.98672378
Bank St & Washington St,238,40.7361967,-74.00859207
Willoughby St & Fleet St,239,40.69196566,-73.9813018
DeKalb Ave & S Portland Ave,241,40.68981035,-73.97493121
Carlton Ave & Flushing Ave,242,40.697787,-73.973736
Fulton St & Rockwell Pl,243,40.688226,-73.979382
Willoughby Ave & Hall St,244,40.69196035,-73.96536851
Myrtle Ave & St Edwards St,245,40.69327018,-73.97703874
Perry St & Bleecker St,247,40.73535398,-74.00483091
Laight St & Hudson St,248,40.72185379,-74.00771779
Harrison St & Hudson St,249,40.71870987,-74.0090009
Mott St & Prince St,251,40.72317958,-73.99480012
MacDougal St & Washington Sq,252,40.73226398,-73.99852205
W 13 St & 5 Ave,253,40.73543934,-73.99453948
W 11 St & 6 Ave,254,40.73532427,-73.99800419
Lispenard St & Broadway,257,40.71939226,-74.00247214
DeKalb Ave & Vanderbilt Ave,258,40.68940747,-73.96885458
South St & Whitehall St,259,40.70122128,-74.01234218
Broad St & Bridge St,260,40.70365182,-74.01167797
Johnson St & Gold St,261,40.69474881,-73.98362464
Washington Park,262,40.6917823,-73.9737299
Maiden Ln & Pearl St,264,40.70706456,-74.00731853
Stanton St & Chrystie St,265,40.72229346,-73.99147535
Avenue D & E 8 St,266,40.72368361,-73.97574813
Broadway & W 36 St,267,40.75097711,-73.98765428
Howard St & Centre St,268,40.71910537,-73.99973337
Adelphi St & Myrtle Ave,270,40.69308257,-73.97178913
Lafayette Ave & Fort Greene Pl,274,40.68691865,-73.976682
Washington Ave & Greene Ave,275,40.68650065,-73.96563307
Duane St & Greenwich St,276,40.71748752,-74.0104554
Concord St & Bridge St,278,40.69766564,-73.98476437
Peck Slip & Front St,279,40.707873,-74.00167
E 10 St & 5 Ave,280,40.73331967,-73.99510132
Grand Army Plaza & Central Park S,281,40.7643971,-73.97371465
Kent Ave & S 11 St,282,40.70764494,-73.96841526
Greenwich Ave & 8 Ave,284,40.73901691,-74.00263761
Broadway & E 14 St,285,40.73454567,-73.99074142
Monroe St & Classon Ave,289,40.6845683,-73.95881081
Madison St & Montgomery St,291,40.713126,-73.984844
Lafayette St & E 8 St,293,40.73020661,-73.99102628
Pike St & E Broadway,295,40.71406667,-73.99293911
Division St & Bowery,296,40.71413089,-73.9970468
E 15 St & 3 Ave,297,40.734232,-73.986923
E 2 St & Avenue B,301,40.72217444,-73.98368779
Avenue D & E 3 St,302,40.72082834,-73.97793172
Mercer St & Spring St,303,40.72362738,-73.99949601
Broadway & Battery Pl,304,40.70463334,-74.01361706
E 58 St & 3 Ave,305,40.76095756,-73.96724467
Cliff St & Fulton St_1,306,40.70823502,-74.00530063
Canal St & Rutgers St,307,40.71427487,-73.98990025
St James Pl & Oliver St,308,40.71307916,-73.99851193
Murray St & West St,309,40.7149787,-74.013012
State St & Smith St,310,40.68926942,-73.98912867
Norfolk St & Broome St,311,40.7172274,-73.98802084
Allen St & Stanton St,312,40.722055,-73.989111
Washington Ave & Park Ave,313,40.69610226,-73.96751037
Cadman Plaza West & Montague St,314,40.69383,-73.990539
South St & Gouverneur Ln,315,40.70355377,-74.00670227
Fulton St & William St,316,40.70955958,-74.00653609
E 6 St & Avenue B,317,40.72453734,-73.98185424
Fulton St & Broadway,319,40.711066,-74.009447
Leonard St & Church St,320,40.717571,-74.005549
Cadman Plaza E & Red Cross Pl,321,40.69991755,-73.98971773
Clinton St & Tillary St,322,40.696192,-73.991218
Lawrence St & Willoughby St,323,40.69236178,-73.98631746
DeKalb Ave & Hudson Ave,324,40.689888,-73.981013
E 19 St & 3 Ave,325,40.73624527,-73.98473765
E 11 St & 1 Ave,326,40.72953837,-73.98426726
Vesey Pl & River Terrace,327,40.7153379,-74.01658354
Watts St & Greenwich St,328,40.72405549,-74.00965965
Reade St & Broadway,330,40.71450451,-74.00562789
Pike St & Monroe St,331,40.71173107,-73.99193043
Cherry St,332,40.71219906,-73.97948148
W 20 St & 7 Ave,334,40.74238787,-73.99726235
Washington Pl & Broadway,335,40.72903917,-73.99404649
Sullivan St & Washington Sq,336,40.73047747,-73.99906065
Old Slip & Front St,337,40.7037992,-74.00838676
Avenue D & E 12 St,339,40.72580614,-73.97422494
Madison St & Clinton St,340,40.71269042,-73.98776323
Stanton St & Mangin St,341,40.71782143,-73.97628939
Columbia St & Rivington St,342,40.71739973,-73.98016555
Clinton Ave & Flushing Ave,343,40.69794,-73.96986848
Monroe St & Bedford Ave,344,40.6851443,-73.95380904
W 13 St & 6 Ave,345,40.73649403,-73.99704374
Bank St & Hudson St,346,40.73652889,-74.00618026
Greenwich St & W Houston St,347,40.728846,-74.008591
Rivington St & Ridge St,349,40.71850211,-73.98329859
Clinton St & Grand St,350,40.71559509,-73.9870295
Front St & Maiden Ln,351,40.70530954,-74.00612572
S Portland Ave & Hanson Pl,353,40.68539567,-73.97431458
Emerson Pl & Myrtle Ave,354,40.69363137,-73.96223558
Bayard St & Baxter St,355,40.71602118,-73.99974372
Bialystoker Pl & Delancey St,356,40.71622644,-73.98261206
E 11 St & Broadway,357,40.73261787,-73.99158043
Christopher St & Greenwich St,358,40.73291553,-74.00711384
E 47 St & Park Ave,359,40.75510267,-73.97498696
William St & Pine St,360,40.70717936,-74.00887308
Allen St & Hester St,361,40.71605866,-73.99190759
Broadway & W 37 St,362,40.75172632,-73.98753523
West Thames St,363,40.70834698,-74.01713445
Lafayette Ave & Classon Ave,364,40.68900443,-73.96023854
Fulton St & Grand Ave,365,40.68223166,-73.9614583
Clinton Ave & Myrtle Ave,366,40.693261,-73.968896
Carmine St & 6 Ave,368,40.73038599,-74.00214988
Washington Pl & 6 Ave,369,40.73224119,-74.00026394
Franklin Ave & Myrtle Ave,372,40.69454609,-73.95801365
Willoughby Ave & Walworth St,373,40.69331716,-73.95381995
John St & William St,376,40.70862144,-74.00722156
6 Ave & Canal St,377,40.72243797,-74.00566443
W 31 St & 7 Ave,379,40.749156,-73.9916
W 4 St & 7 Ave S,380,40.73401143,-74.00293877
University Pl & E 14 St,382,40.73492695,-73.99200509
Greenwich Ave & Charles St,383,40.735238,-74.000271
E 55 St & 2 Ave,385,40.75797322,-73.96603308
Centre St & Worth St,386,40.71494807,-74.00234482
Centre St & Chambers St,387,40.71273266,-74.0046073
W 26 St & 10 Ave,388,40.74971775,-74.00295035
Broadway & Berry St,389,40.71044554,-73.96525063
Duffield St & Willoughby St,390,40.69221589,-73.9842844
Clark St & Henry St,391,40.69760127,-73.99344559
Jay St & Tech Pl,392,40.695065,-73.987167
E 5 St & Avenue C,393,40.72299208,-73.97995466
E 9 St & Avenue C,394,40.72521311,-73.97768752
Lefferts Pl & Franklin Ave,396,40.68034242,-73.95576894
Fulton St & Clermont Ave,397,40.68415748,-73.96922273
Atlantic Ave & Furman St,398,40.69165183,-73.9999786
Lafayette Ave & St James Pl,399,40.68851534,-73.9647628
Pitt St & Stanton St,400,40.71926081,-73.98178024
Allen St & Rivington St,401,40.72019576,-73.98997825
Broadway & E 22 St,402,40.7403432,-73.98955109
E 2 St & 2 Ave,403,40.72502876,-73.99069656
Washington St & Gansevoort St,405,40.739323,-74.008119
Hicks St & Montague St,406,40.69512845,-73.99595065
Henry St & Poplar St,407,40.700469,-73.991454
Market St & Cherry St,408,40.71076228,-73.99400398
DeKalb Ave & Skillman St,409,40.6906495,-73.95643107
Suffolk St & Stanton St,410,40.72066442,-73.98517977
E 6 St & Avenue D,411,40.72228087,-73.97668709
Forsyth St & Canal St,412,40.7158155,-73.99422366
Pearl St & Anchorage Pl,414,40.70281858,-73.98765762
Pearl St & Hanover Square,415,40.7047177,-74.00926027
Cumberland St & Lafayette Ave,416,40.68753406,-73.97265183
Barclay St & Church St,417,40.71291224,-74.01020234
Front St & Gold St,418,40.70224,-73.982578
Carlton Ave & Park Ave,419,40.69580705,-73.97355569
Clermont Ave & Lafayette Ave,420,40.68764484,-73.96968902
Clermont Ave & Park Ave,421,40.69573398,-73.97129668
W 59 St & 10 Ave,422,40.770513,-73.988038
W 54 St & 9 Ave,423,40.76584941,-73.98690506
West St & Chambers St,426,40.71754834,-74.01322069
Bus Slip & State St,427,40.701907,-74.013942
E 3 St & 1 Ave,428,40.72467721,-73.98783413
York St & Jay St,430,40.7014851,-73.98656928
E 7 St & Avenue A,432,40.72621788,-73.98379855
E 13 St & Avenue A,433,40.72955361,-73.98057249
W 21 St & 6 Ave,435,40.74173969,-73.99415556
Hancock St & Bedford Ave,436,40.68216564,-73.95399026
Macon St & Nostrand Ave,437,40.68098339,-73.95004798
St Marks Pl & 1 Ave,438,40.72779126,-73.98564945
E 4 St & 2 Ave,439,40.7262807,-73.98978041
E 45 St & 3 Ave,440,40.75255434,-73.97282625
E 52 St & 2 Ave,441,40.756014,-73.967416
W 27 St & 7 Ave,442,40.746647,-73.993915
Bedford Ave & S 9 St,443,40.70853074,-73.96408963
E 10 St & Avenue A,445,40.72740794,-73.98142006
W 24 St & 7 Ave,446,40.74487634,-73.99529885
8 Ave & W 52 St,447,40.76370739,-73.9851615
W 37 St & 10 Ave,448,40.75660359,-73.9979009
W 52 St & 9 Ave,449,40.76461837,-73.98789473
W 49 St & 8 Ave,450,40.76227205,-73.98788205
W 22 St & 8 Ave,453,40.74475148,-73.99915362
E 51 St & 1 Ave,454,40.75455731,-73.96592976
1 Ave & E 44 St,455,40.75001986,-73.96905301
E 53 St & Madison Ave,456,40.7597108,-73.97402311
Broadway & W 58 St,457,40.76695317,-73.98169333
11 Ave & W 27 St,458,40.751396,-74.005226
W 20 St & 11 Ave,459,40.746745,-74.007756
S 4 St & Wythe Ave,460,40.71285887,-73.96590294
E 20 St & 2 Ave,461,40.73587678,-73.98205027
W 22 St & 10 Ave,462,40.74691959,-74.00451887
Broadway & W 41 St,465,40.75513557,-73.98658032
W 25 St & 6 Ave,466,40.74395411,-73.99144871
Dean St & 4 Ave,467,40.68312489,-73.97895137
Broadway & W 56 St,468,40.7652654,-73.98192338
Broadway & W 53 St,469,40.76344058,-73.98268129
W 20 St & 8 Ave,470,40.74345335,-74.00004031
Grand St & Havemeyer St,471,40.71286844,-73.95698119
E 32 St & Park Ave,472,40.7457121,-73.98194829
Rivington St & Chrystie St,473,40.72110063,-73.9919254
5 Ave & E 29 St,474,40.7451677,-73.98683077
E 31 St & 3 Ave,476,40.74394314,-73.97966069
W 41 St & 8 Ave,477,40.75640548,-73.9900262
11 Ave & W 41 St,478,40.76030096,-73.99884222
9 Ave & W 45 St,479,40.76019252,-73.9912551
W 53 St & 10 Ave,480,40.76669671,-73.99061728
S 3 St & Bedford Ave,481,40.71260486,-73.96264403
W 15 St & 7 Ave,482,40.73935542,-73.99931783
E 12 St & 3 Ave,483,40.73223272,-73.98889957
W 44 St & 5 Ave,484,40.75500254,-73.98014437
W 37 St & 5 Ave,485,40.75038009,-73.98338988
Broadway & W 29 St,486,40.7462009,-73.98855723
E 20 St & FDR Drive,487,40.73314259,-73.97573881
8 Ave & W 33 St,490,40.751551,-73.993934
E 24 St & Park Ave S,491,40.74096374,-73.98602213
W 33 St & 7 Ave,492,40.75019995,-73.99093085
W 26 St & 8 Ave,494,40.74734825,-73.99723551
W 47 St & 10 Ave,495,40.76269882,-73.99301222
E 16 St & 5 Ave,496,40.73726186,-73.99238967
E 17 St & Broadway,497,40.73704984,-73.99009296
Broadway & W 32 St,498,40.74854862,-73.98808416
Broadway & W 60 St,499,40.76915505,-73.98191841
Broadway & W 51 St,500,40.76228826,-73.98336183
FDR Drive & E 35 St,501,40.744219,-73.97121214
Henry St & Grand St,502,40.714215,-73.981346
E 20 St & Park Ave,503,40.73827428,-73.98751968
1 Ave & E 16 St,504,40.73221853,-73.98165557
6 Ave & W 33 St,505,40.74901271,-73.98848395
E 25 St & 2 Ave,507,40.73912601,-73.97973776
W 46 St & 11 Ave,508,40.76341379,-73.99667444
9 Ave & W 22 St,509,40.7454973,-74.00197139
W 56 St & 10 Ave,513,40.768254,-73.988639
12 Ave & W 40 St,514,40.76087502,-74.00277668
W 43 St & 10 Ave,515,40.76009437,-73.99461843
E 47 St & 1 Ave,516,40.75206862,-73.96784384
Pershing Square South,517,40.751581,-73.97791
E 39 St & 2 Ave,518,40.74780373,-73.9734419
Pershing Square North,519,40.751873,-73.977706
W 52 St & 5 Ave,520,40.75992262,-73.97648516
E 51 St & Lexington Ave,522,40.75714758,-73.97207836
W 38 St & 8 Ave,523,40.75466591,-73.99138152
W 43 St & 6 Ave,524,40.75527307,-73.98316936
W 34 St & 11 Ave,525,40.75594159,-74.0021163
E 33 St & 5 Ave,526,40.74765947,-73.98490707
E 33 St & 2 Ave,527,40.744023,-73.976056
2 Ave & E 31 St,528,40.74290902,-73.97706058
W 42 St & 8 Ave,529,40.7575699,-73.99098507
11 Ave & W 59 St,530,40.771522,-73.990541
Forsyth St & Broome St,531,40.71893904,-73.99266288
S 5 Pl & S 5 St,532,40.710451,-73.960876
Broadway & W 38 St,533,40.75299641,-73.98721619
Water - Whitehall Plaza,534,40.70255065,-74.0127234
1 Ave & E 30 St,536,40.74144387,-73.97536082
Lexington Ave & E 24 St,537,40.74025878,-73.98409214
Metropolitan Ave & Bedford Ave,539,40.71534825,-73.96024116
Lexington Ave & E 29 St,540,40.74311555,-73.98215353
E 23 St & 1 Ave,545,40.736502,-73.97809472
E 30 St & Park Ave S,546,40.74444921,-73.98303529
Front St & Washington St,2000,40.70255088,-73.98940236
Sands St & Navy St,2001,40.699773,-73.979927
Wythe Ave & Metropolitan Ave,2002,40.716887,-73.963198
1 Ave & E 18 St,2003,40.73381219,-73.98054421
Railroad Ave & Kay Ave,2005,40.70531194,-73.97100056
Central Park S & 6 Ave,2006,40.76590936,-73.97634151
Little West St & 1 Pl,2008,40.70569254,-74.01677685
Catherine St & Monroe St,2009,40.71117444,-73.99682619
Grand St & Greene St,2010,40.72165481,-74.00234737
E 27 St & 1 Ave,2012,40.739445,-73.976806
W 45 St & 8 Ave,2021,40.75929124,-73.98859651
E 60 St & York Ave,2022,40.759107,-73.959223
E 55 St & Lexington Ave,2023,40.75968085,-73.97031366
South End Ave & Liberty St,3002,40.711512,-74.015756
Kent Ave & N 7 St,3016,40.72036775,-73.96165073
Kingston Ave & Herkimer St,3041,40.67890679,-73.94142771
Fulton St & Utica Ave,3042,40.6794268,-73.9298911
Lewis Ave & Decatur St,3043,40.6814598,-73.934903
Albany Ave & Fulton St,3044,40.6800105,-73.938475
Marcus Garvey Blvd & Macon St,3046,40.682601,-73.938037
Halsey St & Tompkins Ave,3047,40.6823687,-73.944118
Putnam Ave & Nostrand Ave,3048,40.68402,-73.94977
Cambridge Pl & Gates Ave,3049,40.68488,-73.96304
Putnam Ave & Throop Ave,3050,40.6851532,-73.94111
Lewis Ave & Madison St,3052,40.686312,-73.935775
Marcy Ave & Lafayette Ave,3053,40.6900815,-73.947915
Greene Ave & Throop Ave,3054,40.6894932,-73.942061
Greene Ave & Nostrand Ave,3055,40.6883337,-73.950916
Kosciuszko St & Nostrand Ave,3056,40.69072549,-73.95133465
Kosciuszko St & Tompkins Ave,3057,40.69128258,-73.9452416
Lewis Ave & Kosciuszko St,3058,40.69237074,-73.93705428
Pulaski St & Marcus Garvey Blvd,3059,40.6933982,-73.939877
Willoughby Ave & Tompkins Ave,3060,40.69425403,-73.94626915
Throop Ave & Myrtle Ave,3061,40.69622937,-73.94371094
Myrtle Ave & Marcy Ave,3062,40.69539817,-73.94954908
Nostrand Ave & Myrtle Ave,3063,40.69527008,-73.95238108
Myrtle Ave & Lewis Ave,3064,40.69681963,-73.93756926
Union Ave & Wallabout St,3065,40.70029511,-73.95032283
Tompkins Ave & Hopkins St,3066,40.69957608,-73.94708417
Broadway & Whipple St,3067,40.7016657,-73.9437303
Humboldt St & Varet St,3068,40.7031724,-73.940636
Lorimer St & Broadway,3069,40.70411791,-73.94818595
McKibbin St & Manhattan Ave,3070,40.70510918,-73.94407279
Boerum St & Broadway,3071,40.70538077,-73.94976519
Leonard St & Boerum St,3072,40.70583339,-73.94644578
Division Ave & Hooper St,3073,40.70691254,-73.95441667
Montrose Ave & Bushwick Ave,3074,40.70767788,-73.94016171
Division Ave & Marcy Ave,3075,40.70708701,-73.95796783
Scholes St & Manhattan Ave,3076,40.70870368,-73.9448625
Stagg St & Union Ave,3077,40.70877084,-73.95095259
Broadway & Roebling St,3078,40.70924826,-73.96063149
S 4 St & Rodney St,3080,40.70934,-73.95608
Graham Ave & Grand St,3081,40.711863,-73.944024
Hope St & Union Ave,3082,40.71167351,-73.95141312
Bushwick Ave & Powers St,3083,40.71247661,-73.94100005
Roebling St & N 4 St,3085,40.71469,-73.95739
Graham Ave & Conselyea St,3086,40.715143,-73.944507
Metropolitan Ave & Meeker Ave,3087,40.71413311,-73.95234386
Union Ave & Jackson St,3088,40.7160751,-73.952029
N 8 St & Driggs Ave,3090,40.71774592,-73.95600096
Frost St & Meeker St,3091,40.71764,-73.94882
Berry St & N 8 St,3092,40.7190095,-73.95852515
N 6 St & Bedford Ave,3093,40.71745169,-73.95850939
Graham Ave & Withers St,3094,40.7169811,-73.94485918
Graham Ave & Herbert St,3095,40.71929301,-73.94500379
Union Ave & N 12 St,3096,40.71924,-73.95242
Nassau Ave & Newell St,3100,40.72481256,-73.94752622
N 12 St & Bedford Ave,3101,40.72079821,-73.95484712
Driggs Ave & Lorimer St,3102,40.72179134,-73.9504154
N 11 St & Wythe Ave,3103,40.72153267,-73.95782357
N 15 St & Wythe Ave,3105,40.724055,-73.955736
Driggs Ave & N Henry St,3106,40.72325,-73.94308
Bedford Ave & Nassau Ave,3107,40.72311651,-73.95212324
Nassau Ave & Russell St,3108,40.72557,-73.94434
Banker St & Meserole Ave,3109,40.72606,-73.95621
Meserole Ave & Manhattan Ave,3110,40.72708584,-73.95299117
Milton St & Franklin St,3112,40.72906,-73.95779
Greenpoint Ave & Manhattan Ave,3113,40.73026,-73.95394
India St & Manhattan Ave,3115,40.73232194,-73.9550858
Huron St & Franklin St,3116,40.73266,-73.95826
Franklin St & Dupont St,3117,40.73564,-73.95866
McGuinness Blvd & Eagle St,3118,40.73555,-73.95284
Vernon Blvd & 50 Ave,3119,40.74232744,-73.95411749
Center Blvd & Borden Ave,3120,40.74161,-73.96044
Jackson Ave & 46 Rd,3121,40.74524768,-73.94733276
48 Ave & 5 St,3122,40.74436329,-73.95587325
31 St & Thomson Ave,3123,40.74469738,-73.93540375
46 Ave & 5 St,3124,40.74731,-73.95451
45 Rd & 11 St,3125,40.74708586,-73.94977234
44 Dr & Jackson Ave,3126,40.74718234,-73.9432635
9 St & 44 Rd,3127,40.74966,-73.9521
21 St & 43 Ave,3128,40.75052534,-73.94594845
Queens Plaza North & Crescent St,3129,40.75110165,-73.94073717
21 St & Queens Plaza North,3130,40.75325964,-73.94335788
E 68 St & 3 Ave,3131,40.7671284,-73.96224618
E 59 St & Madison Ave,3132,40.76350532,-73.97109243
3 Ave & E 62 St,3134,40.76312584,-73.96526895
E 75 St & 3 Ave,3135,40.77112927,-73.95772297
5 Ave & E 63 St,3136,40.766368,-73.971518
5 Ave & E 73 St,3137,40.77282817,-73.96685276
E 72 St & Park Ave,3139,40.77118288,-73.96409422
1 Ave & E 78 St,3140,40.77140426,-73.9535166
1 Ave & E 68 St,3141,40.76500525,-73.95818491
1 Ave & E 62 St,3142,40.7612274,-73.96094022
5 Ave & E 78 St,3143,40.77632142,-73.96427393
E 81 St & Park Ave,3144,40.77677702,-73.9590097
E 84 St & Park Ave,3145,40.77862688,-73.95772073
E 81 St & 3 Ave,3146,40.77573034,-73.9567526
E 85 St & 3 Ave,3147,40.77801203,-73.95407149
E 84 St & 1 Ave,3148,40.77565541,-73.95068615
E 85 St & York Ave,3150,40.77536905,-73.94803392
E 81 St & York Ave,3151,40.7728384,-73.94989233
3 Ave & E 71 St,3152,40.76873687,-73.96119945
Lexington Ave & E 63 St,3155,40.76440023,-73.96648977
E 72 St & York Ave,3156,40.76663814,-73.95348296
East End Ave & E 86 St,3157,40.77518615,-73.94446054
W 63 St & Broadway,3158,40.77163851,-73.98261428
W 67 St & Broadway,3159,40.77492513,-73.98266566
Central Park West & W 76 St,3160,40.77896784,-73.97374737
W 76 St & Columbus Ave,3161,40.78018397,-73.97728533
W 78 St & Broadway,3162,40.78339981,-73.98093133
Central Park West & W 68 St,3163,40.7734066,-73.97782542
Columbus Ave & W 72 St,3164,40.7770575,-73.97898475
Central Park West & W 72 St,3165,40.77579377,-73.97620574
Riverside Dr & W 72 St,3166,40.78057799,-73.98562431
Amsterdam Ave & W 73 St,3167,40.77966809,-73.98093045
Central Park West & W 85 St,3168,40.78472675,-73.96961715
Riverside Dr & W 82 St,3169,40.78720869,-73.98128127
W 84 St & Columbus Ave,3170,40.78499979,-73.97283406
Amsterdam Ave & W 82 St,3171,40.78524672,-73.97667321
W 74 St & Columbus Ave,3172,40.7785669,-73.97754961
Riverside Blvd & W 67 St,3173,40.77750703,-73.98888588
W 70 St & Amsterdam Ave,3175,40.77748046,-73.98288594
W 64 St & West End Ave,3176,40.77452835,-73.98753759
W 84 St & Broadway,3177,40.7867947,-73.977112
Riverside Dr & W 78 St,3178,40.78414472,-73.98362492
Park Ave & Marcus Garvey Blvd,3179,40.698617,-73.941342
Brooklyn Bridge Park - Pier 2,3180,40.69878,-73.99712
47 Ave & 31 St,3221,40.743,-73.93561
E 55 St & 3 Ave,3223,40.75899656,-73.96865398
W 13 St & Hudson St,3224,40.73997354,-74.00513873
W 82 St & Central Park West,3226,40.78275,-73.97137
E 67 St & Park Ave,3231,40.7678008,-73.96592081
Bond St & Fulton St,3232,40.68962189,-73.98304269
E 48 St & 5 Ave,3233,40.75724568,-73.97805914
E 41 St & Madison Ave,3235,40.75216528,-73.97992194
W 42 St & Dyer Ave,3236,40.75898481,-73.99379969
E 80 St & 2 Ave,3238,40.7739139,-73.95439535
Bressler,3239,40.64653837,-74.01658773
Monroe St & Tompkins Ave,3241,40.686203,-73.944694
Schermerhorn St & Court St,3242,40.69102926,-73.99183363
E 58 St & 1 Ave,3243,40.75892386,-73.96226227
University Pl & E 8 St,3244,40.73143724,-73.99490342
Verona Pl & Fulton St,3249,40.68035608,-73.9476791
NYCBS Depot - PIT,3250,40.71690978,-73.98383796
8 Ave & W 31 St,3255,40.75058535,-73.99468482
Pier 40 - Hudson River Park,3256,40.72771408,-74.01129574
W 27 St & 10 Ave,3258,40.75018156,-74.00218427
9 Ave & W 28 St,3259,40.74937024,-73.99923384
Mercer St & Bleecker St,3260,40.72706363,-73.99662137
Cooper Square & Astor Pl,3263,40.72951496,-73.9907527
5 Ave & E 88 St,3282,40.78307,-73.95939
W 89 St & Columbus Ave,3283,40.7882213,-73.97041561
E 88 St & Park Ave,3284,40.7814107,-73.95595908
W 87 St & Amsterdam Ave,3285,40.78839,-73.9747
E 89 St & 3 Ave,3286,40.7806284,-73.9521667
E 88 St & 1 Ave,3288,40.778301,-73.9488134
W 90 St & Amsterdam Ave,3289,40.79017948,-73.97288918
E 89 St & York Ave,3290,40.7779453,-73.946041
5 Ave & E 93 St,3292,40.7857851,-73.957481
W 92 St & Broadway,3293,40.7921,-73.9739
E 91 St & Park Ave,3294,40.7835016,-73.955327
Central Park W & W 96 St,3295,40.79127,-73.964839
E 93 St & 2 Ave,3296,40.78245418,-73.94891962
6 St & 7 Ave,3297,40.6686627,-73.97988067
Warren St & Court St,3298,40.686371,-73.99383324
Prospect Park West & 8 St,3300,40.66514682,-73.97637606
Columbus Ave & W 95 St,3301,40.7919557,-73.968087
Columbus Ave & W 103 St,3302,40.7969347,-73.96434123
Butler St & Court St,3303,40.6849894,-73.99440329
6 Ave & 9 St,3304,40.668127,-73.98377641
E 91 St & 2 Ave,3305,40.7811223,-73.94965589
10 St & 7 Ave,3306,40.6662078,-73.98199886
West End Ave & W 94 St,3307,40.7941654,-73.974124
Kane St & Clinton St,3308,40.6861758,-73.99645295
E 97 St & 3 Ave,3309,40.7859201,-73.94860294
14 St & 7 Ave,3310,40.663779,-73.98396846
Columbia St & Kane St,3311,40.68763155,-74.0016256
1 Ave & E 94 St,3312,40.7817212,-73.94594
6 Ave & 12 St,3313,40.6663181,-73.9854617
W 95 St & Broadway,3314,40.7937704,-73.971888
Henry St & Degraw St,3315,40.6847514,-73.99917254
W 104 St & Amsterdam Ave - 1,3316,40.7989937,-73.96621738
10 St & 5 Ave,3317,40.6686273,-73.98700053
2 Ave & E 96 St,3318,40.7839636,-73.9471673
14 St & 5 Ave,3319,40.666287,-73.98895053
Central Park West & W 100 St,3320,40.79406661,-73.96286845
Clinton St & Union St,3321,40.6831164,-73.99785267
12 St & 4 Ave,3322,40.668603,-73.9904394
W 106 St & Central Park West,3323,40.7981856,-73.9605909
3 Ave & 14 St,3324,40.6685455,-73.99333264
E 95 St & 3 Ave,3325,40.7849032,-73.950503
Clinton St & Centre St,3326,40.67434,-74.00194698
3 Ave & E 100 St,3327,40.7877214,-73.94728331
W 100 St & Manhattan Ave,3328,40.795,-73.9645
Degraw St & Smith St,3329,40.6829151,-73.99318208
Henry St & Bay St,3330,40.6725058,-74.00494695
Riverside Dr & W 104 St,3331,40.8013434,-73.97114574
Degraw St & Hoyt St,3332,40.68199044,-73.99079025
Columbia St & Lorraine St,3333,40.6747055,-74.0075572
Union St & 4 Ave,3335,40.6772744,-73.98282002
E 97 St & Madison Ave,3336,40.787801,-73.953559
Dwight St & Van Dyke St,3337,40.67363551,-74.01195556
2 Ave & E 99 St,3338,40.7862586,-73.94552579
Berkeley Pl & 6 Ave,3339,40.6765304,-73.97846879
Wolcott St & Dwight St,3340,40.6753274,-74.0100698
Central Park West & W 102 St,3341,40.795346,-73.96186
Pioneer St & Richards St,3342,40.6777748,-74.0094613
W 107 St & Columbus Ave,3343,40.7997568,-73.96211287
Pioneer St & Van Brunt St,3344,40.679043,-74.011169
Madison Ave & E 99 St,3345,40.78948542,-73.95242929
Berkeley Pl & 7 Ave,3346,40.67514684,-73.97523209
Van Brunt St & Wolcott St,3347,40.6773429,-74.01275056
Coffey St & Conover St,3348,40.677236,-74.015665
Grand Army Plaza & Plaza St West,3349,40.6729679,-73.97087984
W 100 St & Broadway,3350,40.7973721,-73.97041192
E 102 St & 1 Ave,3351,40.7869946,-73.94164802
Sigourney St & Columbia St,3352,40.67267243,-74.00879525
3 St & Prospect Park West,3354,40.668132,-73.97363831
E 66 St & Madison Ave,3355,40.76800889,-73.96845281
Amsterdam Ave & W 66 St,3356,40.7746671,-73.98470567
W 106 St & Amsterdam Ave,3357,40.8008363,-73.96644925
Garfield Pl & 8 Ave,3358,40.6711978,-73.97484126
E 68 St & Madison Ave,3359,40.7691572,-73.96703464
Amsterdam Ave & W 79 St,3360,40.7829391,-73.9786517
Carroll St & 6 Ave,3361,40.6740886,-73.9787282
Madison Ave & E 82 St,3362,40.7781314,-73.96069399
E 102 St & Park Ave,3363,40.7904828,-73.95033068
Carroll St & 5 Ave,3364,40.6751622,-73.9814832
3 St & 7 Ave,3365,40.6703837,-73.97839676
West End Ave & W 107 St,3366,40.8021174,-73.96818053
5 Ave & E 103 St,3367,40.7922553,-73.95249933
5 Ave & 3 St,3368,40.6728155,-73.98352355
E 82 St & East End Ave,3369,40.7724607,-73.9468208
E 78 St & 2 Ave,3370,40.7727966,-73.95577801
4 Ave & 2 St,3371,40.67461342,-73.98501143
E 74 St & 1 Ave,3372,40.7689738,-73.95482273
3 St & 3 Ave,3373,40.6750705,-73.98775226
Central Park North & Adam Clayton Powell Blvd,3374,40.799484,-73.955613
3 Ave & E 72 St,3375,40.7699426,-73.96060712
E 65 St & 2 Ave,3376,40.76471852,-73.9622207
Carroll St & Bond St,3377,40.6786115,-73.99037292
E 76 St & Park Ave,3378,40.773763,-73.96222088
E 103 St & Lexington Ave,3379,40.7903051,-73.94755757
3 St & Hoyt St,3381,40.6777287,-73.99364123
Carroll St & Smith St,3382,40.680611,-73.99475825
Cathedral Pkwy & Broadway,3383,40.804213,-73.96699104
Smith St & 3 St,3384,40.6787242,-73.99599099
1 Pl & Clinton St,3386,40.6809591,-73.99905709
E 106 St & Madison Ave,3387,40.7934337,-73.94945003
President St & Henry St,3388,40.6828003,-73.99990419
Carroll St & Columbia St,3389,40.6830456,-74.00348559
E 109 St & 3 Ave,3390,40.79329668,-73.9432083
E 106 St & 1 Ave,3391,40.7892529,-73.93956237
Commerce St & Van Brunt St,3392,40.6812117,-74.00860912
Richards St & Delavan St,3393,40.6794327,-74.00785041
Columbia St & W 9 St,3394,40.6769993,-74.00647134
Henry St & W 9 St [old],3395,40.6763744,-74.00324957
Clinton St & 4 Place,3396,40.6783563,-74.00014502
Court St & Nelson St,3397,40.6763947,-73.99869893
Smith St & 9 St,3398,40.6746957,-73.99785768
7 St & 3 Ave,3399,40.67260298,-73.98983002
E 110 St & Madison Ave,3400,40.7961535,-73.94782145
2 Ave & 9 St,3401,40.6724811,-73.99331394
Court St & State St,3402,40.6902375,-73.99203074
4 Ave & 9 St,3403,40.6705135,-73.98876585
7 St & 5 Ave,3404,40.6704922,-73.98541675
5 St & 6 Ave,3405,40.6704836,-73.98208968
Union St & Nevins St,3407,40.679098,-73.98765475
Congress St & Clinton St,3408,40.6881529,-73.99520919
Bergen St & Smith St,3409,40.6867443,-73.99063168
Dean St & Hoyt St,3410,40.6864442,-73.98759104
Bond St & Bergen St,3411,40.6849668,-73.98620772
Pacific St & Nevins St,3412,40.6853761,-73.98302136
Wyckoff St & 3 Ave,3413,40.6827549,-73.98258555
Bergen St & Flatbush Ave,3414,40.68094472,-73.97567332
Prospect Pl & 6 Ave,3415,40.6793307,-73.97519523
Baltic St & 5 Ave,3417,40.6795766,-73.97854971
Plaza St West & Flatbush Ave,3418,40.6750207,-73.97111473
Douglass St & 4 Ave,3419,40.6792788,-73.98154004
Douglass St & 3 Ave,3420,40.6802133,-73.98432695
Hoyt St & Warren St,3421,40.6843549,-73.98901629
Columbia St & Degraw St,3422,40.6859296,-74.00242364
West Drive & Prospect Park West,3423,40.66106337,-73.97945255
E 106 St & Lexington Ave,3424,40.791976,-73.945993
2 Ave & E 104 St,3425,40.7892105,-73.94370784
Lafayette St & Jersey St,3427,40.72430527,-73.99600983
Hanson Pl & Ashland Pl,3429,40.68506807,-73.9779076
Richardson St & N Henry St,3430,40.71907891,-73.9422369
E 35 St & 3 Ave,3431,40.746524,-73.977885
NYCBS Depot - GOW,3432,40.66906014,-73.99463654
W 88 St & West End Ave,3434,40.79025417,-73.9771834
Grand St & Elizabeth St,3435,40.718822,-73.99596
Riverside Dr & W 91 St,3437,40.79313481,-73.97700369
E 76 St & 3 Ave,3438,40.77224854,-73.95842135
Fulton St & Adams St,3440,40.69241829,-73.98949474
10 Hudson Yards,3441,40.752957,-74.00264
W 52 St & 6 Ave,3443,40.76132983,-73.97982001
E 71 St & 1 Ave,3447,40.76703432,-73.9562273
Eckford St & Engert Ave,3449,40.72146256,-73.94800901
Bayard St & Leonard St,3452,40.71915572,-73.94885391
Devoe St & Lorimer St,3453,40.71335226,-73.94910336
Leonard St & Maujer St,3454,40.71036854,-73.94705951
Schermerhorn St & 3 Ave,3455,40.68680821,-73.98036182
Jackson St & Leonard St,3456,40.71638032,-73.94821286
W 55 St & 6 Ave,3458,40.76309387,-73.97835016
E 53 St & 3 Ave,3459,40.75763228,-73.96930575
Murray St & Greenwich St,3461,40.71485151,-74.01122332
E 44 St & 2 Ave,3462,40.75118387,-73.97138715
E 16 St & Irving Pl,3463,40.73536706,-73.98797393
W 45 St & 6 Ave (OLD),3466,40.75668721,-73.98257732
W Broadway & Spring Street,3467,40.72494672,-74.00165856
NYCBS Depot - STY - Garage 4,3468,40.7303801,-73.9747502
India St & West St,3469,40.73181402,-73.95995021
W 15 St & 10 Ave,3472,40.74275383,-74.00747359
6 Ave & Spring St,3474,40.7252557,-74.00412083
39 St & 2 Ave - Citi Bike HQ at Industry City,3477,40.65539977,-74.01062787
2 Ave & 36 St - Citi Bike HQ at Industry City,3478,40.65708867,-74.00870204
NYCBS Depot - RIS,3485,40.725208,-73.974724
Schermerhorn St & Bond St,3486,40.68841743,-73.98451656
8D QC Station 01,3488,45.50636405,-73.56946349
Gold St & Frankfort St,3489,40.71069995,-74.00354147
E 116 St & 2 Ave,3490,40.796879,-73.937261
E 118 St & 1 Ave,3491,40.79747,-73.93504
E 118 St & Park Ave,3492,40.8005385,-73.9419949
E 118 St & 3 Ave,3493,40.799139,-73.9389152
E 115 St & Lexington Ave,3494,40.797911,-73.9423
E 114 St & 1 Ave,3495,40.7945663,-73.9362541
1 Ave & E 110 St,3496,40.7923272,-73.9383
Pleasant Ave & E 116 St,3497,40.7949879,-73.9333349
Pleasant Ave & E 120 St,3498,40.7974772,-73.9311847
2 Ave & E 122 St,3499,40.8006721,-73.9349
E 115 St & Madison Ave,3500,40.7989445,-73.944846
E 118 St & Madison Ave,3501,40.8014866,-73.9442507
Lexington Ave & E 111 St,3502,40.7954121,-73.9441232
Madison Ave & E 120 St,3503,40.80295,-73.942954
E 123 St & Lexington Ave,3504,40.8029263,-73.9379
Lexington Ave & E 127 St,3505,40.805726,-73.936322
Lexington Ave & E 120 St,3506,40.8013066,-73.9398167
Park Ave & E 124 St,3507,40.8045555,-73.9396861
St Nicholas Ave & Manhattan Ave,3508,40.809725,-73.953149
Lenox Ave & W 115 St,3509,40.8011939,-73.9500739
Adam Clayton Powell Blvd & W 123 St,3510,40.8078316,-73.949373
Adam Clayton Powell Blvd & W 115 St,3511,40.802535,-73.9532423
27 Ave & 4 St,3512,40.7747175,-73.9337894
21 St & Hoyt Ave S,3513,40.774645,-73.923706
Astoria Park S & Shore Blvd,3514,40.7767,-73.927631
24 Ave & 26 St,3515,40.774591,-73.918544
31 St & Astoria Blvd,3516,40.7699176,-73.9184057
31 St & Hoyt Ave N,3517,40.7711528,-73.9170074
Lenox Ave & W 126 St,3518,40.808442,-73.9452087
Adam Clayton Powell Blvd & W 118 St,3520,40.804372,-73.951475
Lenox Ave & W 111 St,3521,40.7987859,-73.9523
37 St & 24 Ave,3522,40.7701477,-73.9120938
24 Ave & 29 St,3523,40.7729,-73.916142
19 St & 24 Ave,3524,40.7774552,-73.9225403
23 Ave & 27 St,3525,40.776165,-73.9153175
31 St & 23 Ave,3526,40.7747878,-73.9125551
5 Ave & E 126 St,3527,40.80698,-73.941747
Steinway St & 23 Ave,3528,40.7713937,-73.9077436
Lenox Ave & W 130 St,3529,40.8107922,-73.9430681
Crescent St & Ditmars Blvd,3530,40.7787185,-73.9145645
Frederick Douglass Blvd & W 129 St,3531,40.8125511,-73.9492286
Ditmars Blvd & 19 St,3532,40.78145,-73.9183302
St. Nicholas Ave & W 126 St,3533,40.8114323,-73.9518776
Frederick Douglass Blvd & W 117 St,3534,40.805159,-73.954692
Mt Morris Park W & W 120 St,3535,40.804038,-73.945925
W 116 St & Broadway,3536,40.8082,-73.9641
Carlton Ave & Dean St,3537,40.6809741,-73.9710097
W 110 St & Amsterdam Ave,3538,40.802692,-73.96295
W 116 St & Amsterdam Ave,3539,40.8067581,-73.9607082
Morningside Ave & W 123 St,3540,40.81,-73.9551508
Amsterdam Ave & W 125 St,3541,40.813358,-73.956461
Amsterdam Ave & W 119 St,3542,40.8086249,-73.9596214
Morningside Dr & Amsterdam Ave,3543,40.81028506,-73.95736456
Underhill Ave & Pacific St,3544,40.6804836,-73.9646795
Broadway & W 122 St,3545,40.8120562,-73.9612547
Pacific St & Classon Ave,3546,40.6791944,-73.9587903
Broadway & Moylan Pl,3547,40.8143256,-73.9590255
Grand Ave & Bergen St,3549,40.678045,-73.962408
3 Ave & E 112 St,3551,40.795508,-73.941606
W 113 St & Broadway,3552,40.805973,-73.964928
Frederick Douglass Blvd & W 112 St,3553,40.801694,-73.957145
Vernon Blvd & 41 Rd,3554,40.7552433,-73.9485678
28 St & 41 Ave,3555,40.751047,-73.93797
24 St & 41 Ave,3556,40.7527085,-73.9397405
40 Ave & 9 St,3557,40.75742,-73.945133
Bergen St & Vanderbilt Ave,3558,40.6794388,-73.9680438
21 St & 38 Ave,3559,40.7576314,-73.9391224
28 St & 38 Ave,3560,40.754876,-73.934326
37 Ave & 35 St,3561,40.7531106,-73.9279917
Classon Ave & St Marks Ave,3562,40.6765198,-73.9596082
28 St & 36 Ave,3563,40.757186,-73.932719
21 St & 36 Ave,3564,40.7601853,-73.9362726
36 Ave & 10 St,3565,40.7614376,-73.9411265
Crescent St & 35 Ave,3566,40.7596276,-73.9321455
11 St & 35 Ave,3567,40.7627442,-73.9391141
34 St & 35 Ave,3568,40.7569332,-73.9262231
Franklin Ave & St Marks Ave,3569,40.6758324,-73.9561677
35 Ave & 37 St,3570,40.7557327,-73.9236611
Bedford Ave & Bergen St,3571,40.676368,-73.952918
34 Ave & 38 St,3572,40.756913,-73.921631
35 St & 34 Ave,3573,40.7580583,-73.9242751
Prospect Pl & Underhill Ave,3574,40.6769694,-73.96579
Crescent St & 34 Ave,3575,40.76108,-73.930562
Park Pl & Vanderbilt Ave,3576,40.6767,-73.969024
34 Ave & 21 St,3577,40.7628138,-73.9342862
Park Pl & Franklin Ave,3578,40.6741806,-73.9564947
Sterling Pl & Bedford Ave,3579,40.672695,-73.954131
St Johns Pl & Washington Ave,3580,40.6737236,-73.9631611
Underhill Ave & Lincoln Pl,3581,40.6740123,-73.9671457
Lincoln Pl & Classon Ave,3582,40.6721683,-73.9609
Eastern Pkwy & Washington Ave,3583,40.6716493,-73.9631145
Eastern Pkwy & Franklin Ave,3584,40.6707767,-73.9576801
Union St & Bedford Ave,3585,40.6691783,-73.9554162
34 Ave & 13 St,3586,40.7638753,-73.9364848
Carroll St & Washington Ave,3587,40.6686744,-73.9618148
Vernon Blvd & 10 St,3588,40.7671863,-73.9373554
Broadway & 12 St,3589,40.7668,-73.9347774
Carroll St & Franklin Ave,3590,40.6679411,-73.9588
21 St & 31 Dr,3591,40.7659,-73.930819
Crescent St & Broadway,3592,40.7633589,-73.9286471
31 St & Broadway,3593,40.761584,-73.925921
Montgomery St & Franklin Ave OLD,3594,40.6661649,-73.9593484
35 St & Broadway,3595,40.760339,-73.9222427
Sullivan Pl & Bedford Ave,3596,40.6642406,-73.9574686
43 St & Broadway,3597,40.7577284,-73.9166368
Newton Rd & 44 St,3598,40.7595701,-73.9142678
Franklin Ave & Empire Blvd,3599,40.66314,-73.9605695
Sterling St & Bedford Ave,3601,40.6627059,-73.9569115
31 Ave & 34 St,3602,40.763154,-73.920827
31 Ave & 30 St,3603,40.7647,-73.9240312
Rogers Ave & Sterling St,3604,40.6630619,-73.9538746
31 Ave & Crescent St,3605,40.7658346,-73.9265474
49 Ave & 21 St,3606,40.74252,-73.948852
31 Ave & 14 St,3607,40.7682,-73.9322662
Vernon Blvd & 31 Ave,3609,40.7692475,-73.9354504
Vernon Blvd & 30 Rd,3610,40.770845,-73.934171
Vernon Blvd & 47 Rd,3611,40.7449067,-73.9534573
30 Ave & 21 St,3612,40.7703743,-73.9286078
Center Blvd & 48 Ave,3613,40.745038,-73.957539
Crescent St & 30 Ave,3614,40.768692,-73.9249574
44 Dr & 21 St,3615,40.748,-73.9460927
Steinway St & 28 Ave,3616,40.7656251,-73.9136695
28 Ave & 35 St,3617,40.7671,-73.9169858
27 St & Hunter St,3618,40.7485,-73.941275
Newtown Ave & 23 St,3619,40.7713615,-73.9246145
11 St & 43 Ave,3620,40.7519071,-73.9479119
27 Ave & 9 St,3621,40.7739825,-73.9309134
E 128 St & Madison Ave,3622,40.80756,-73.939182
W 120 St & Claremont Ave,3623,40.8109494,-73.9634
28 St & 40 Ave,3625,40.7525758,-73.9364281
Adam Clayton Powell Blvd & W 126 St,3629,40.80949535,-73.94776493
Crown St & Bedford Ave,3631,40.666563,-73.956741
E 12 St & Avenue B,3632,40.72804857,-73.9788115
W 36 St & 9 Ave,3635,40.75462324,-73.99516761
Fulton St & Waverly Ave,3637,40.68323865,-73.96599591
Broadway & W 25 St,3641,40.74286877,-73.98918629
E 98 St & Lexington Ave,3642,40.7872852,-73.95012259
E 41 St & 5 Ave,3643,40.75272201,-73.98123622
Van Dyke St & Van Brunt St,3644,40.67581623,-74.01488185
35 Ave & 10 St,3646,40.76315482,-73.9398551
48 Ave & 30 Pl,3647,40.74128309,-73.93725872
Flushing Ave & Vanderbilt Ave,3648,40.69795032,-73.9707756
W 129 St & Convent Ave,3649,40.81439444,-73.95324737
8D Mobile 01,3650,45.50626419,-73.56890559
31 St & 35 Ave,3653,40.75820465,-73.9283216
31 St & Northern Blvd,3654,40.75186951,-73.9334929
E 2 St & Avenue A,3656,40.72307749,-73.98583621
W 18 St & 9 Ave,3658,40.74353373,-74.00367558
W 17 St & 9 Ave,3659,40.74294892,-74.00413692
W 16 St & 8 Ave,3660,40.74102151,-74.00138497
Montgomery St & Franklin Ave,3661,40.66643931,-73.96055639
31 Ave & Steinway St,3662,40.7612939,-73.91691685
Sterling Pl & 7 Ave,3663,40.67716489,-73.97382796
North Moore St & Greenwich St,3664,40.72019521,-74.01030064
